time_s,J1_rad,J2_rad,J3_rad,J4_rad,J5_rad,J6_rad,J1_rad_s,J2_rad_s,J3_rad_s,J4_rad_s,J5_rad_s,J6_rad_s,J1_rad_s2,J2_rad_s2,J3_rad_s2,J4_rad_s2,J5_rad_s2,J6_rad_s2
0.0,0.0,0.0,0.0,0.0,0.0,0.0,0.0,-0.0,0.0,0.0,0.0,-0.0,0.0,-0.0,0.0,0.0,0.0,-0.0
0.1,0.00024373906411938532,-0.00017061734488356972,7.312171923581559e-05,0.0,4.8747812823877064e-06,-2.4373906411938533e-05,0.007202320471442741,-0.0050416243300099185,0.002160696141432822,0.0,0.00014404640942885483,-0.0007202320471442741,0.13967883682190937,-0.09777518577533656,0.04190365104657281,0.0,0.0027935767364381876,-0.013967883682190938
0.2,0.0018630907703883202,-0.0013041635392718241,0.000558927231116496,0.0,3.72618154077664e-05,-0.00018630907703883203,0.027088738321600095,-0.018962116825120064,0.008126621496480028,0.0,0.0005417747664320019,-0.00270887383216001,0.2539468023603655,-0.17776276165225582,0.07618404070810965,0.0,0.00507893604720731,-0.02539468023603655
0.30000000000000004,0.006002059048121733,-0.0042014413336852125,0.0018006177144365197,0.0,0.00012004118096243466,-0.0006002059048121734,0.0571976228579487,-0.04003833600056409,0.01715928685738461,0.0,0.001143952457158974,-0.00571976228579487,0.34439302533180705,-0.24107511773226492,0.10331790759954211,0.0,0.006887860506636141,-0.034439302533180706
0.4,0.0135664304009644,-0.00949650128067508,0.00406992912028932,0.0,0.000271328608019288,-0.00135664304009644,0.09522625625960898,-0.06665837938172628,0.028567876877882693,0.0,0.0019045251251921798,-0.0095226256259609,0.41260663445267276,-0.2888246441168709,0.12378199033580183,0.0,0.008252132689053455,-0.04126066344526728
0.5,0.02523966519405535,-0.017667765635838745,0.007571899558216605,0.0,0.000504793303881107,-0.002523966519405535,0.13903083357734533,-0.09732158350414173,0.0417092500732036,0.0,0.0027806166715469067,-0.013903083357734533,0.4601767584394013,-0.3221237309075809,0.1380530275318204,0.0,0.009203535168788026,-0.046017675843940134
0.6000000000000001,0.04149878894119224,-0.029049152258834563,0.01244963668235767,0.0,0.0008299757788238448,-0.004149878894119224,0.18662646273356598,-0.13063852391349617,0.05598793882006979,0.0,0.0037325292546713197,-0.0186626462733566,0.4886925260084315,-0.342084768205902,0.14660775780252944,0.0,0.00977385052016863,-0.048869252600843155
0.7000000000000001,0.06263028359199574,-0.043841198514397016,0.01878908507759872,0.0,0.0012526056718399148,-0.006263028359199574,0.23618716452232308,-0.16533101516562615,0.07085614935669692,0.0,0.004723743290446462,-0.02361871645223231,0.49974306587620204,-0.3498201461133414,0.1499229197628606,0.0,0.00999486131752404,-0.049974306587620206
0.71810059272027,0.06698729810778067,-0.04689110867544647,0.0200961894323342,0.0,0.0013397459621556135,-0.006698729810778068,0.24523591303164738,-0.17166513912215314,0.07357077390949421,0.0,0.004904718260632947,-0.02452359130316474,0.4999999999989999,-0.3499999999992999,0.14999999999969996,0.0,0.009999999999979999,-0.04999999999989999
0.8,0.08874597881907385,-0.06212218517335169,0.026623793645722156,0.0,0.001774919576381477,-0.008874597881907385,0.28604587260931236,-0.20023211082651865,0.08581376178279371,0.0,0.0057209174521862475,-0.028604587260931236,0.4949175067591515,-0.34644225473140605,0.14847525202774545,0.0,0.00989835013518303,-0.04949175067591516
0.9,0.11979894330518656,-0.08385926031363058,0.03593968299155597,0.0,0.0023959788661037313,-0.011979894330518657,0.33469443353187395,-0.23428610347231174,0.10040833005956218,0.0,0.006693888670637479,-0.0334694433531874,0.4758049773737188,-0.33306348416160314,0.14274149321211563,0.0,0.009516099547474377,-0.047580497737371885
1.0,0.1555993760304098,-0.10891956322128685,0.046679812809122936,0.0,0.003111987520608196,-0.015559937603040981,0.3807836066989913,-0.2665485246892939,0.11423508200969738,0.0,0.007615672133979826,-0.038078360669899135,0.4439946064363426,-0.3107962245054398,0.13319838193090278,0.0,0.008879892128726852,-0.04439946064363426
1.1,0.19583049755930027,-0.13708134829151017,0.058749149267790075,0.0,0.0039166099511860055,-0.01958304975593003,0.42312306439129227,-0.29618614507390456,0.12693691931738768,0.0,0.008462461287825846,-0.04231230643912923,0.40107552266346147,-0.280752865864423,0.12032265679903843,0.0,0.00802151045326923,-0.04010755226634615
1.2000000000000002,0.24006444132805943,-0.16804510892964158,0.07201933239841783,0.0,0.004801288826561188,-0.024006444132805945,0.46068139176104805,-0.32247697423273364,0.13820441752831442,0.0,0.009213627835220962,-0.046068139176104805,0.34863685477151424,-0.24404579834005996,0.10459105643145426,0.0,0.006972737095430285,-0.03486368547715143
1.3,0.2877781449316982,-0.2014447014521887,0.08633344347950946,0.0,0.005755562898633964,-0.02877781449316982,0.49258608683217425,-0.34481026078252197,0.14777582604965228,0.0,0.009851721736643485,-0.04925860868321743,0.28826773147693985,-0.2017874120338579,0.08648031944308195,0.0,0.005765354629538797,-0.028826773147693985
1.4000000000000001,0.3383692414112012,-0.23685846898784085,0.10151077242336036,0.0,0.0067673848282240245,-0.03383692414112013,0.5181235605002299,-0.3626864923501609,0.15543706815006897,0.0,0.010362471210004599,-0.05181235605002299,0.2215572814961766,-0.1550900970473236,0.06646718444885298,0.0,0.004431145629923532,-0.02215572814961766
1.5,0.39117195054069104,-0.2738203653784837,0.11735158516220731,0.0,0.00782343901081382,-0.039117195054069104,0.5367391365324179,-0.3757173955726925,0.16102174095972535,0.0,0.010734782730648358,-0.05367391365324179,0.15009463354566369,-0.10506624348196457,0.0450283900636991,0.0,0.0030018926709132737,-0.01500946335456637
1.6,0.4454729701145932,-0.31183107908021523,0.13364189103437796,0.0,0.008909459402291865,-0.04454729701145932,0.5480370515675854,-0.38362593609730977,0.16441111547027562,0.0,0.010960741031351709,-0.054803705156758545,0.07546891634183928,-0.05282824143928749,0.022640674902551783,0.0,0.0015093783268367855,-0.007546891634183928
1.6990442448488217,0.5,-0.35,0.15,0.0,0.01,-0.05,0.5517808043212067,-0.38624656302484467,0.165534241296362,0.0,0.011035616086424133,-0.05517808043212067,0.0,-0.0,0.0,0.0,0.0,-0.0
1.7000000000000002,0.5005273672347998,-0.3503691570643599,0.15015821017043995,0.0,0.010010547344695997,-0.050052736723479985,0.5517804551162234,-0.3862463185813564,0.165534136534867,0.0,0.011035609102324468,-0.055178045511622344,-0.0007307413988576304,0.0005115189792003412,-0.00021922241965728913,-0.0,-1.4614827977152609e-05,7.307413988576305e-05
1.8,0.5555744695978342,-0.3889021287184839,0.16667234087935026,0.0,0.011111489391956685,-0.05555744695978342,0.5478914095604661,-0.38352398669232624,0.16436742286813982,0.0,0.010957828191209322,-0.05478914095604662,-0.07691521095998832,0.05384064767199182,-0.023074563287996498,-0.0,-0.0015383042191997665,0.007691521095998833
1.9000000000000001,0.6098537567820153,-0.42689762974741063,0.18295612703460457,0.0,0.012197075135640306,-0.06098537567820153,0.5364508901540925,-0.37551562310786474,0.16093526704622776,0.0,0.010729017803081851,-0.05364508901540926,-0.15149536362511407,0.10604675453757983,-0.04544860908753422,-0.0,-0.0030299072725022812,0.015149536362511408
2.0,0.662620751534622,-0.46383452607423536,0.19878622546038657,0.0,0.01325241503069244,-0.0662620751534622,0.5176987850225249,-0.3623891495157674,0.15530963550675744,0.0,0.010353975700450498,-0.05176987850225249,-0.2228820706777959,0.15601744947445711,-0.06686462120333876,-0.0,-0.004457641413555918,0.022288207067779592
2.1,0.7131629110590585,-0.49921403774134093,0.21394887331771753,0.0,0.01426325822118117,-0.07131629110590586,0.4920338951628294,-0.3444237266139806,0.1476101685488488,0.0,0.009840677903256588,-0.04920338951628295,-0.28948620340159553,0.20264034238111686,-0.08684586102047866,-0.0,-0.00578972406803191,0.028948620340159555
2.2,0.760815518302017,-0.5325708628114119,0.22824465549060508,0.0,0.01521631036604034,-0.07608155183020171,0.4600139344437164,-0.32200975411060145,0.13800418033311493,0.0,0.009200278688874328,-0.046001393444371645,-0.3497186330800742,0.24480304315605195,-0.10491558992402227,-0.0,-0.006994372661601485,0.034971863308007424
2.3000000000000003,0.8049775732406423,-0.5634843012684496,0.2414932719721927,0.0,0.016099551464812848,-0.08049775732406424,0.4223555296055398,-0.29564887072387785,0.12670665888166194,0.0,0.008447110592110797,-0.04223555296055398,-0.40199023099679293,0.281393161697755,-0.12059706929903788,-0.0,-0.008039804619935859,0.04019902309967929
2.4000000000000004,0.8451276841696984,-0.5915893789187888,0.25353830525090953,0.0,0.016902553683393967,-0.08451276841696985,0.37993422026029766,-0.26595395418220835,0.1139802660780893,0.0,0.0075986844052059535,-0.03799342202602977,-0.44471186843531313,0.3112983079047192,-0.13341356053059394,-0.0,-0.008894237368706263,0.04447118684353132
2.5,0.8808399589887304,-0.6165879712921112,0.2642519876966191,0.0,0.017616799179774607,-0.08808399589887304,0.33378445889163194,-0.23364912122414233,0.10013533766748958,0.0,0.006675689177832639,-0.033378445889163194,-0.4762944166791961,0.3334060916754372,-0.1428883250037588,-0.0,-0.009525888333583922,0.04762944166791961
2.6,0.9117998964892295,-0.6382599275424606,0.27353996894676885,0.0,0.01823599792978459,-0.09117998964892296,0.28509961085482777,-0.19956972759837943,0.08552988325644832,0.0,0.0057019922170965555,-0.028509961085482777,-0.49514874701200307,0.34660412290840215,-0.14854462410360092,-0.0,-0.009902974940240061,0.04951487470120031
2.679987896977373,0.9330127018922196,-0.6531088913245537,0.2799038105676659,0.0,0.018660254037844392,-0.09330127018922196,0.24523591303164757,-0.17166513912215328,0.07357077390949426,0.0,0.004904718260632952,-0.024523591303164758,-0.4999999999989999,0.3499999999992999,-0.14999999999969996,-0.0,-0.009999999999979999,0.04999999999989999
2.7,0.9378202776417982,-0.6564741943492587,0.28134608329253946,0.0,0.018756405552835965,-0.09378202776417982,0.235231954376815,-0.1646623680637705,0.0705695863130445,0.0,0.0047046390875363,-0.0235231954376815,-0.4996857307172954,0.34978001150210675,-0.1499057192151886,-0.0,-0.009993714614345908,0.04996857307172954
2.8000000000000003,0.9588570568833142,-0.6711999398183199,0.28765711706499425,0.0,0.019177141137666286,-0.09588570568833144,0.18569268055616703,-0.1299848763893169,0.05570780416685011,0.0,0.0037138536111233408,-0.018569268055616702,-0.48831623907863425,0.341821367355044,-0.14649487172359027,-0.0,-0.009766324781572685,0.04883162390786343
2.9000000000000004,0.9750252534040935,-0.6825176773828654,0.29250757602122807,0.0,0.01950050506808187,-0.09750252534040936,0.1381518933631011,-0.09670632535417077,0.04144556800893033,0.0,0.002763037867262022,-0.01381518933631011,-0.45945114337958093,0.32161580036570664,-0.13783534301387426,-0.0,-0.009189022867591618,0.045945114337958094
3.0,0.9866148424350579,-0.6906303897045405,0.2959844527305174,0.0,0.019732296848701158,-0.09866148424350579,0.09443860963947874,-0.06610702674763512,0.02833158289184362,0.0,0.0018887721927895748,-0.009443860963947875,-0.4115013149036972,0.288050920432588,-0.12345039447110914,-0.0,-0.008230026298073944,0.041150131490369724
3.1,0.9941066465348967,-0.6958746525744276,0.298231993960469,0.0,0.019882132930697932,-0.09941066465348967,0.05654075909880425,-0.03957853136916297,0.016962227729641274,0.0,0.001130815181976085,-0.005654075909880426,-0.3428776249345436,0.2400143374541805,-0.10286328748036308,-0.0,-0.006857552498690872,0.03428776249345436
3.2,0.9981882268772315,-0.698731758814062,0.29945646806316945,0.0,0.019963764537544632,-0.09981882268772316,0.0266051843262269,-0.01862362902835883,0.00798155529786807,0.0,0.000532103686524538,-0.00266051843262269,-0.2519909447556816,0.17639366132897713,-0.07559728342670448,-0.0,-0.005039818895113632,0.025199094475568163
3.3000000000000003,0.9997697745377802,-0.6998388421764461,0.29993093236133406,0.0,0.019995395490755602,-0.09997697745377802,0.0069376407785394474,-0.004856348544977613,0.002081292233561834,0.0,0.00013875281557078895,-0.0006937640778539448,-0.1372521456506727,0.09607650195547089,-0.04117564369520181,-0.0,-0.002745042913013454,0.01372521456506727
3.3980884896976433,1.0,-0.7,0.3,0.0,0.02,-0.1,0.0,-0.0,0.0,0.0,0.0,-0.0,-0.0,0.0,-0.0,-0.0,-0.0,0.0
